Product_ID,Product_Name,Year,Month,Quantity_Sold,Unit_Price,Revenue,Brand,timestamp
P001,Smartphone,2021,April,138,28364,3914232,HP,2021-04-01
P001,Smartwatch,2012,March,320,18324,5863680,LG,2012-03-01
P001,Camera,2022,June,12,29045,348540,Lenovo,2022-06-01
P001,Tablet,2011,June,471,23108,10883868,Panasonic,2011-06-01
P001,Camera,2017,March,431,29566,12742946,HP,2017-03-01
P001,Camera,2014,January,251,24151,6061901,Acer,2014-01-01
P001,Camera,2024,June,130,6137,797810,Sony,2024-06-01
P001,Camera,2010,April,394,25501,10047394,HP,2010-04-01
P001,TV,2012,May,111,8420,934620,Lenovo,2012-05-01
P001,TV,2019,May,47,10845,509715,Panasonic,2019-05-01
P001,Smartwatch,2017,February,350,26162,9156700,LG,2017-02-01
P001,Laptop,2013,February,422,8906,3758332,Lenovo,2013-02-01
P002,Smartphone,2025,May,142,25021,3552982,Lenovo,2025-05-01
P002,Camera,2023,May,211,24337,5135107,Sony,2023-05-01
P002,Smartwatch,2016,April,357,27313,9750741,Dell,2016-04-01
P002,Laptop,2019,March,30,17413,522390,Panasonic,2019-03-01
P002,Smartphone,2021,February,251,5276,1324276,Apple,2021-02-01
P002,Monitor,2023,March,464,23383,10849712,Lenovo,2023-03-01
P002,Tablet,2023,April,460,22611,10401060,Dell,2023-04-01
P002,TV,2011,May,118,11337,1337766,Apple,2011-05-01
P002,Monitor,2016,June,312,16944,5286528,Panasonic,2016-06-01
P002,Smartphone,2014,March,93,25119,2336067,Samsung,2014-03-01
P002,Monitor,2014,May,92,20906,1923352,Acer,2014-05-01
P002,Tablet,2015,May,300,22079,6623700,Dell,2015-05-01
P003,Smartwatch,2022,January,461,25536,11772096,Asus,2022-01-01
P003,Smartphone,2018,March,78,29285,2284230,Samsung,2018-03-01
P003,Monitor,2023,June,138,28854,3981852,Acer,2023-06-01
P003,TV,2015,March,205,17306,3547730,Sony,2015-03-01
P003,TV,2021,May,149,28921,4309229,HP,2021-05-01
P003,Laptop,2022,June,453,15503,7022859,LG,2022-06-01
P003,Monitor,2024,April,292,24225,7073700,Asus,2024-04-01
P003,Camera,2023,January,321,9208,2955768,Sony,2023-01-01
P003,Monitor,2017,May,243,16590,4031370,Panasonic,2017-05-01
P003,Smartwatch,2016,February,32,15886,508352,Sony,2016-02-01
P003,Smartphone,2018,February,162,17866,2894292,HP,2018-02-01
P003,Smartphone,2013,January,286,6088,1741168,Panasonic,2013-01-01
P004,Smartwatch,2011,April,70,8363,585410,Asus,2011-04-01
P004,Monitor,2016,May,328,5024,1647872,HP,2016-05-01
P004,Smartwatch,2015,March,387,14764,5713668,Apple,2015-03-01
P004,Tablet,2010,January,61,27528,1679208,LG,2010-01-01
P004,Smartwatch,2020,April,353,27052,9549356,Asus,2020-04-01
P004,TV,2018,March,162,25620,4150440,Apple,2018-03-01
P004,Smartwatch,2018,February,246,14959,3679914,Acer,2018-02-01
P004,Smartphone,2021,February,320,17935,5739200,Asus,2021-02-01
P004,TV,2011,March,311,13068,4064148,Acer,2011-03-01
P004,Smartphone,2012,January,41,23619,968379,Panasonic,2012-01-01
P004,Laptop,2014,February,64,12295,786880,Apple,2014-02-01
P004,Camera,2014,May,361,13392,4834512,LG,2014-05-01
P005,Smartphone,2024,June,398,16390,6523220,HP,2024-06-01
P005,TV,2010,March,45,13448,605160,Lenovo,2010-03-01
P005,Laptop,2017,March,119,25131,2990589,Sony,2017-03-01
P005,Smartphone,2021,February,499,15433,7701067,Samsung,2021-02-01
P005,Tablet,2017,January,186,20038,3727068,LG,2017-01-01
P005,Smartwatch,2013,May,371,24559,9111389,Apple,2013-05-01
P005,Camera,2022,January,323,16528,5338544,Lenovo,2022-01-01
P005,Smartphone,2016,April,304,26281,7989424,LG,2016-04-01
P005,Laptop,2024,April,345,26421,9115245,Apple,2024-04-01
P005,Tablet,2024,June,106,20743,2198758,Dell,2024-06-01
P005,Monitor,2020,February,378,28811,10890558,Dell,2020-02-01
P005,Laptop,2019,February,222,13605,3020310,Acer,2019-02-01
P001,Smartwatch,2012,February,326,7014,2286564,LG,2012-02-01
P001,Laptop,2015,June,146,6381,931626,Dell,2015-06-01
P001,Tablet,2023,April,15,6098,91470,Apple,2023-04-01
P001,Laptop,2025,January,118,24810,2927580,Acer,2025-01-01
P001,Tablet,2019,June,44,25039,1101716,Apple,2019-06-01
P001,Smartphone,2022,June,48,29322,1407456,Acer,2022-06-01
P001,Tablet,2019,January,159,14101,2242059,LG,2019-01-01
P001,Tablet,2021,February,434,5187,2251158,Lenovo,2021-02-01
P001,Camera,2023,May,127,16948,2152396,HP,2023-05-01
P001,Tablet,2018,January,270,15207,4105890,Asus,2018-01-01
P001,Tablet,2010,April,435,26793,11654955,Lenovo,2010-04-01
P001,Monitor,2014,March,96,7092,680832,Panasonic,2014-03-01
P002,Smartphone,2013,March,474,23514,11145636,Apple,2013-03-01
P002,Smartwatch,2017,June,85,10242,870570,Panasonic,2017-06-01
P002,Camera,2020,March,480,13549,6503520,Lenovo,2020-03-01
P002,Monitor,2021,May,473,27031,12785663,Acer,2021-05-01
P002,TV,2010,February,460,10185,4685100,Asus,2010-02-01
P002,Smartphone,2018,April,423,20271,8574633,Asus,2018-04-01
P002,Smartphone,2025,May,322,10776,3469872,Samsung,2025-05-01
P002,TV,2015,April,392,17449,6840008,Asus,2015-04-01
P002,Smartwatch,2013,April,223,29297,6533231,HP,2013-04-01
P002,Tablet,2021,February,466,28931,13481846,Asus,2021-02-01
P002,Monitor,2018,June,294,12823,3769962,Lenovo,2018-06-01
P002,Laptop,2020,March,248,20717,5137816,Samsung,2020-03-01
P003,Camera,2014,February,174,12355,2149770,Lenovo,2014-02-01
P003,Laptop,2024,May,96,11465,1100640,Lenovo,2024-05-01
P003,TV,2014,June,150,17737,2660550,Sony,2014-06-01
P003,Smartphone,2021,May,169,22881,3866889,Samsung,2021-05-01
P003,Smartwatch,2014,June,55,18324,1007820,Lenovo,2014-06-01
P003,Smartphone,2010,May,381,15350,5848350,Sony,2010-05-01
P003,Camera,2010,February,121,7555,914155,Sony,2010-02-01
P003,Smartphone,2017,June,416,26793,11145888,Samsung,2017-06-01
P003,Smartphone,2021,June,54,7951,429354,Panasonic,2021-06-01
P003,Camera,2017,April,410,22622,9275020,Acer,2017-04-01
P003,Monitor,2021,April,256,9727,2490112,HP,2021-04-01
P003,Monitor,2024,January,113,25349,2864437,Acer,2024-01-01
P004,Camera,2024,May,94,10686,1004484,Asus,2024-05-01
P004,Smartwatch,2015,April,459,8701,3993759,HP,2015-04-01
P004,TV,2021,January,494,7780,3843320,Asus,2021-01-01
P004,Smartphone,2020,April,143,28782,4115826,Lenovo,2020-04-01
P004,Smartwatch,2022,May,117,22972,2687724,Apple,2022-05-01
P004,Smartphone,2013,June,27,7368,198936,Samsung,2013-06-01
P004,TV,2011,March,103,20592,2120976,HP,2011-03-01
P004,Monitor,2023,May,159,27173,4320507,HP,2023-05-01
P004,Smartwatch,2011,February,255,5436,1386180,Lenovo,2011-02-01
P004,Tablet,2018,April,298,7828,2332744,Panasonic,2018-04-01
P004,Tablet,2024,April,423,6556,2773188,Sony,2024-04-01
P004,Tablet,2014,June,218,28954,6311972,Lenovo,2014-06-01
P005,Monitor,2013,February,135,18364,2479140,Dell,2013-02-01
P005,Monitor,2019,June,244,28864,7042816,Sony,2019-06-01
P005,TV,2022,February,425,20061,8525925,Samsung,2022-02-01
P005,Smartphone,2010,March,435,15576,6775560,Sony,2010-03-01
P005,TV,2016,April,471,21566,10157586,Panasonic,2016-04-01
P005,TV,2012,April,131,12190,1596890,Sony,2012-04-01
P005,Monitor,2015,March,147,28071,4126437,Samsung,2015-03-01
P005,Tablet,2014,January,124,10565,1310060,Panasonic,2014-01-01
P005,Laptop,2014,June,429,28625,12280125,Acer,2014-06-01
P005,Smartphone,2020,March,171,20369,3483099,HP,2020-03-01
P005,Monitor,2014,June,210,29035,6097350,HP,2014-06-01
P005,Tablet,2010,May,243,26959,6551037,Asus,2010-05-01
P001,Smartwatch,2010,April,37,6589,243793,Acer,2010-04-01
P001,Laptop,2012,June,20,5159,103180,Acer,2012-06-01
P001,Laptop,2023,February,215,17145,3686175,Sony,2023-02-01
P001,Monitor,2021,June,176,20373,3585648,HP,2021-06-01
P001,Camera,2019,May,256,11555,2958080,Samsung,2019-05-01
P001,Smartphone,2013,April,56,21237,1189272,LG,2013-04-01
P001,Laptop,2014,March,255,14203,3621765,LG,2014-03-01
P001,Monitor,2011,May,136,13244,1801184,Panasonic,2011-05-01
P001,Monitor,2017,April,156,19743,3079908,HP,2017-04-01
P001,Tablet,2020,June,127,18333,2328291,HP,2020-06-01
P001,Smartwatch,2020,January,408,18341,7483128,LG,2020-01-01
P001,Camera,2023,January,391,28230,11037930,HP,2023-01-01
P002,Smartphone,2011,February,421,23691,9973911,Sony,2011-02-01
P002,TV,2018,April,161,6228,1002708,Dell,2018-04-01
P002,Smartwatch,2011,January,81,28610,2317410,Apple,2011-01-01
P002,Smartwatch,2022,March,372,10590,3939480,Acer,2022-03-01
P002,Tablet,2018,April,146,28303,4132238,Asus,2018-04-01
P002,Laptop,2016,March,184,10585,1947640,Panasonic,2016-03-01
P002,Laptop,2024,March,298,14227,4239646,Dell,2024-03-01
P002,Tablet,2017,January,455,11046,5025930,LG,2017-01-01
P002,Monitor,2024,April,490,17237,8446130,Acer,2024-04-01
P002,Laptop,2020,June,28,20649,578172,HP,2020-06-01
P002,Camera,2011,May,204,9945,2028780,Asus,2011-05-01
P002,Smartphone,2016,January,339,12927,4382253,HP,2016-01-01
P003,Smartwatch,2021,January,433,17641,7638553,Samsung,2021-01-01
P003,Smartwatch,2015,June,184,20998,3863632,Samsung,2015-06-01
P003,Camera,2013,April,499,18386,9174614,Asus,2013-04-01
P003,Laptop,2016,April,458,12016,5503328,Asus,2016-04-01
P003,Smartwatch,2025,March,422,19027,8029394,LG,2025-03-01
P003,TV,2023,June,443,20920,9267560,Asus,2023-06-01
P003,Smartphone,2022,June,363,29142,10578546,Sony,2022-06-01
P003,Smartphone,2013,April,150,18752,2812800,HP,2013-04-01
P003,Smartwatch,2025,March,255,26470,6749850,Dell,2025-03-01
P003,Tablet,2011,January,394,28545,11246730,Lenovo,2011-01-01
P003,Smartwatch,2019,February,427,23268,9935436,Asus,2019-02-01
P003,Tablet,2021,May,102,23193,2365686,Panasonic,2021-05-01
P004,Smartwatch,2016,January,441,8167,3601647,Samsung,2016-01-01
P004,TV,2017,April,248,16989,4213272,Sony,2017-04-01
P004,Monitor,2011,May,214,27736,5935504,Acer,2011-05-01
P004,Smartphone,2014,February,57,19087,1087959,Lenovo,2014-02-01
P004,Smartwatch,2010,February,442,27440,12128480,Dell,2010-02-01
P004,TV,2016,March,254,7437,1888998,Lenovo,2016-03-01
P004,Tablet,2017,May,329,27852,9163308,Asus,2017-05-01
P004,Tablet,2022,March,326,20275,6609650,LG,2022-03-01
P004,Smartphone,2025,January,422,27335,11535370,Samsung,2025-01-01
P004,Camera,2015,June,304,10276,3123904,Samsung,2015-06-01
P004,Smartwatch,2014,June,137,13859,1898683,Acer,2014-06-01
P004,Laptop,2024,June,353,12818,4524754,LG,2024-06-01
P005,Tablet,2015,May,291,9728,2830848,HP,2015-05-01
P005,Monitor,2024,June,26,24008,624208,Apple,2024-06-01
P005,Monitor,2011,January,80,10738,859040,Sony,2011-01-01
P005,Tablet,2010,March,278,25616,7121248,Samsung,2010-03-01
P005,Camera,2016,May,334,10793,3604862,Panasonic,2016-05-01
P005,Camera,2016,March,291,9523,2771193,Samsung,2016-03-01
P005,TV,2019,May,314,10571,3319294,Lenovo,2019-05-01
P005,Monitor,2020,March,460,21209,9756140,Samsung,2020-03-01
P005,TV,2019,February,16,20246,323936,Samsung,2019-02-01
P005,Monitor,2023,March,323,15380,4967740,Apple,2023-03-01
P005,Smartwatch,2011,June,314,7224,2268336,Apple,2011-06-01
P005,Smartwatch,2011,February,112,13389,1499568,Dell,2011-02-01
P001,Laptop,2010,March,318,20927,6654786,HP,2010-03-01
P001,Smartwatch,2019,May,202,27475,5549950,Panasonic,2019-05-01
P001,Laptop,2017,May,250,16684,4171000,Samsung,2017-05-01
P001,Smartwatch,2024,May,71,15640,1110440,Samsung,2024-05-01
P001,Smartphone,2017,April,26,13662,355212,Sony,2017-04-01
P001,Smartwatch,2010,January,180,11361,2044980,Apple,2010-01-01
P001,TV,2021,May,34,6948,236232,Panasonic,2021-05-01
P001,Tablet,2020,February,260,17091,4443660,Acer,2020-02-01
P001,TV,2017,May,262,16992,4451904,Dell,2017-05-01
P001,Tablet,2018,April,396,28478,11277288,HP,2018-04-01
P001,Camera,2023,June,216,11318,2444688,LG,2023-06-01
P001,TV,2013,February,38,25180,956840,HP,2013-02-01
P002,Camera,2010,April,126,17180,2164680,Lenovo,2010-04-01
P002,Laptop,2010,June,425,5234,2224450,Samsung,2010-06-01
P002,Laptop,2012,February,291,20372,5928252,Dell,2012-02-01
P002,Smartphone,2024,March,389,24991,9721499,Lenovo,2024-03-01
P002,Smartwatch,2025,January,153,29427,4502331,Panasonic,2025-01-01
P002,TV,2023,January,34,5522,187748,LG,2023-01-01
P002,Camera,2014,April,319,27288,8704872,Apple,2014-04-01
P002,Tablet,2025,June,165,17718,2923470,Dell,2025-06-01
P002,Laptop,2014,January,82,26272,2154304,Dell,2014-01-01
P002,Smartwatch,2018,June,129,14821,1911909,Samsung,2018-06-01
P002,Laptop,2019,June,321,10832,3477072,Asus,2019-06-01
P002,Tablet,2023,April,330,17820,5880600,Dell,2023-04-01
P003,Smartwatch,2021,April,102,21211,2163522,Sony,2021-04-01
P003,Smartwatch,2011,April,95,12122,1151590,LG,2011-04-01
P003,Camera,2011,January,345,10842,3740490,LG,2011-01-01
P003,Camera,2025,April,434,6316,2741144,Sony,2025-04-01
P003,TV,2015,January,373,18200,6788600,Acer,2015-01-01
P003,TV,2024,April,444,22508,9993552,Sony,2024-04-01
P003,Monitor,2018,May,127,27005,3429635,Sony,2018-05-01
P003,Monitor,2010,June,242,26807,6487294,LG,2010-06-01
P003,Smartphone,2018,April,208,20206,4202848,HP,2018-04-01
P003,Laptop,2018,February,215,23971,5153765,LG,2018-02-01
P003,TV,2025,June,422,27056,11417632,Asus,2025-06-01
P003,Camera,2022,June,348,6378,2219544,Samsung,2022-06-01
P004,Tablet,2018,April,156,24758,3862248,Lenovo,2018-04-01
P004,Camera,2014,March,459,6519,2992221,HP,2014-03-01
P004,Laptop,2022,April,434,27161,11787874,Apple,2022-04-01
P004,Monitor,2024,June,438,12935,5665530,Lenovo,2024-06-01
P004,Camera,2018,February,280,11093,3106040,Samsung,2018-02-01
P004,Smartphone,2020,June,396,29802,11801592,Asus,2020-06-01
P004,Laptop,2013,February,148,10355,1532540,Asus,2013-02-01
P004,Monitor,2011,January,190,26352,5006880,Apple,2011-01-01
P004,Tablet,2022,May,439,14083,6182437,HP,2022-05-01
P004,Monitor,2015,June,39,10574,412386,Acer,2015-06-01
P004,Smartwatch,2023,April,66,25456,1680096,Sony,2023-04-01
P004,Smartphone,2013,January,241,18324,4416084,HP,2013-01-01
P005,Laptop,2015,May,155,7257,1124835,Acer,2015-05-01
P005,Tablet,2012,April,444,29972,13307568,Asus,2012-04-01
P005,Smartphone,2015,March,393,18411,7235523,LG,2015-03-01
P005,Monitor,2011,April,57,20233,1153281,Samsung,2011-04-01
P005,Smartphone,2011,February,203,20887,4240061,Apple,2011-02-01
P005,Laptop,2022,February,233,25808,6013264,Samsung,2022-02-01
P005,TV,2018,March,145,24621,3570045,Panasonic,2018-03-01
P005,Smartphone,2016,January,31,25277,783587,Panasonic,2016-01-01
P005,Smartwatch,2012,May,15,7005,105075,HP,2012-05-01
P005,Smartphone,2022,April,213,23400,4984200,Asus,2022-04-01
P005,Monitor,2020,February,248,15860,3933280,Asus,2020-02-01
P005,Monitor,2010,January,194,15070,2923580,Sony,2010-01-01
P001,Tablet,2017,March,369,14388,5309172,Sony,2017-03-01
P001,Monitor,2023,June,301,23156,6969956,Sony,2023-06-01
P001,Camera,2015,February,344,29737,10229528,LG,2015-02-01
P001,Laptop,2016,March,229,25360,5807440,Lenovo,2016-03-01
P001,Laptop,2018,April,125,23135,2891875,Dell,2018-04-01
P001,TV,2014,May,322,28814,9278108,Lenovo,2014-05-01
P001,TV,2024,February,58,19609,1137322,Samsung,2024-02-01
P001,Laptop,2010,February,182,28554,5196828,Lenovo,2010-02-01
P001,Smartwatch,2021,April,91,27853,2534623,LG,2021-04-01
P001,TV,2019,June,331,21363,7071153,Samsung,2019-06-01
P001,Tablet,2016,January,342,24604,8414568,Lenovo,2016-01-01
P001,Monitor,2024,May,54,21923,1183842,LG,2024-05-01
P002,Laptop,2014,February,344,19823,6819112,Dell,2014-02-01
P002,TV,2012,May,29,22845,662505,Lenovo,2012-05-01
P002,Laptop,2021,February,457,26568,12141576,LG,2021-02-01
P002,Camera,2022,May,230,13547,3115810,Sony,2022-05-01
P002,Smartphone,2018,March,132,16515,2179980,Asus,2018-03-01
P002,Monitor,2010,February,243,5234,1271862,Sony,2010-02-01
P002,Laptop,2010,May,230,19562,4499260,Asus,2010-05-01
P002,Smartphone,2025,January,332,22932,7613424,Apple,2025-01-01
P002,TV,2010,March,348,12480,4343040,Apple,2010-03-01
P002,Smartphone,2012,March,12,9213,110556,Apple,2012-03-01
P002,Monitor,2021,January,191,15293,2920963,Dell,2021-01-01
P002,Laptop,2015,May,215,6673,1434695,Sony,2015-05-01
P003,Camera,2019,April,329,28092,9242268,Asus,2019-04-01
P003,Smartwatch,2020,January,49,29366,1438934,LG,2020-01-01
P003,TV,2012,May,68,7100,482800,Samsung,2012-05-01
P003,Laptop,2017,January,448,16849,7548352,LG,2017-01-01
P003,Monitor,2023,January,71,25132,1784372,Samsung,2023-01-01
P003,TV,2023,February,141,24557,3462537,Panasonic,2023-02-01
P003,Tablet,2019,May,69,23199,1600731,LG,2019-05-01
P003,Smartphone,2011,April,381,8841,3368421,Lenovo,2011-04-01
P003,Smartwatch,2023,February,340,15197,5166980,Lenovo,2023-02-01
P003,Monitor,2018,January,131,13016,1705096,HP,2018-01-01
P003,Tablet,2012,June,488,12011,5861368,Sony,2012-06-01
P003,Laptop,2014,January,116,9493,1101188,Samsung,2014-01-01
P004,Camera,2019,January,105,22058,2316090,Samsung,2019-01-01
P004,TV,2017,May,356,29472,10492032,Sony,2017-05-01
P004,Smartphone,2025,May,423,13578,5743494,Dell,2025-05-01
P004,TV,2011,February,244,7158,1746552,HP,2011-02-01
P004,Smartwatch,2015,April,395,24045,9497775,Dell,2015-04-01
P004,Laptop,2021,February,71,7064,501544,Dell,2021-02-01
P004,TV,2014,March,265,8253,2187045,Dell,2014-03-01
P004,Smartphone,2022,January,58,26363,1529054,Sony,2022-01-01
P004,Laptop,2019,June,402,29087,11692974,Dell,2019-06-01
P004,TV,2018,January,357,17828,6364596,Lenovo,2018-01-01
P004,Camera,2021,January,168,6401,1075368,Apple,2021-01-01
P004,Monitor,2014,February,133,24643,3277519,Panasonic,2014-02-01
P005,Laptop,2011,June,491,20193,9914763,Samsung,2011-06-01
P005,Monitor,2025,June,326,17096,5573296,Samsung,2025-06-01
P005,Laptop,2014,June,216,25307,5466312,Panasonic,2014-06-01
P005,Camera,2024,February,57,9214,525198,Sony,2024-02-01
P005,Monitor,2021,January,418,24611,10287398,LG,2021-01-01
P005,Tablet,2013,February,429,16023,6873867,Sony,2013-02-01
P005,Smartphone,2024,May,145,16950,2457750,Samsung,2024-05-01
P005,Tablet,2020,May,210,15704,3297840,Samsung,2020-05-01
P005,TV,2025,February,259,15343,3973837,Panasonic,2025-02-01
P005,Camera,2016,June,323,16867,5448041,Dell,2016-06-01
P005,Tablet,2015,January,366,7745,2834670,Sony,2015-01-01
P005,Laptop,2023,February,377,27475,10358075,Asus,2023-02-01
P001,TV,2011,February,438,8866,3883308,Panasonic,2011-02-01
P001,TV,2021,February,327,16956,5544612,Lenovo,2021-02-01
P001,Tablet,2020,March,304,10818,3288672,Samsung,2020-03-01
P001,Tablet,2020,May,489,23606,11543334,Panasonic,2020-05-01
P001,Camera,2022,June,323,21093,6813039,Sony,2022-06-01
P001,Smartphone,2014,April,218,24176,5270368,Samsung,2014-04-01
P001,Tablet,2016,June,364,20493,7459452,LG,2016-06-01
P001,Smartwatch,2020,April,494,25447,12570818,Panasonic,2020-04-01
P001,Tablet,2016,March,220,22908,5039760,HP,2016-03-01
P001,Monitor,2025,February,201,13224,2658024,Samsung,2025-02-01
P001,Laptop,2024,March,53,27582,1461846,Sony,2024-03-01
P001,Smartwatch,2014,March,38,9025,342950,Apple,2014-03-01
P002,Smartwatch,2021,January,68,23950,1628600,Asus,2021-01-01
P002,Monitor,2024,May,80,24187,1934960,Acer,2024-05-01
P002,Monitor,2018,April,101,25093,2534393,Dell,2018-04-01
P002,TV,2013,February,274,11155,3056470,Acer,2013-02-01
P002,Smartphone,2020,April,392,18839,7384888,Sony,2020-04-01
P002,Laptop,2012,June,229,5719,1309651,Lenovo,2012-06-01
P002,Camera,2024,April,399,19890,7936110,Lenovo,2024-04-01
P002,Smartwatch,2013,June,422,27900,11773800,Apple,2013-06-01
P002,Camera,2014,May,451,25963,11709313,Dell,2014-05-01
P002,Tablet,2022,June,410,22356,9165960,HP,2022-06-01
P002,Tablet,2015,April,409,25102,10266718,Apple,2015-04-01
P002,Camera,2012,April,224,28779,6446496,Acer,2012-04-01
P003,Tablet,2011,June,488,25786,12583568,Apple,2011-06-01
P003,Smartphone,2023,March,396,25936,10270656,Acer,2023-03-01
P003,Monitor,2022,May,286,23591,6747026,Samsung,2022-05-01
P003,Tablet,2013,January,73,9426,688098,Lenovo,2013-01-01
P003,TV,2025,February,355,28303,10047565,Samsung,2025-02-01
P003,Tablet,2014,April,301,17512,5271112,Asus,2014-04-01
P003,Laptop,2013,February,499,20064,10011936,Dell,2013-02-01
P003,Smartphone,2023,January,494,18767,9270898,HP,2023-01-01
P003,Laptop,2020,February,254,16308,4142232,Acer,2020-02-01
P003,Laptop,2022,January,479,16477,7892483,HP,2022-01-01
P003,TV,2024,June,71,17903,1271113,Acer,2024-06-01
P003,Smartphone,2021,March,435,29770,12949950,Sony,2021-03-01
P004,Smartphone,2012,April,341,13680,4664880,Apple,2012-04-01
P004,Smartphone,2017,January,179,7204,1289516,Asus,2017-01-01
P004,Smartphone,2025,February,454,26729,12134966,Lenovo,2025-02-01
P004,Smartphone,2019,April,278,24660,6855480,Acer,2019-04-01
P004,TV,2013,March,276,6102,1684152,HP,2013-03-01
P004,Tablet,2023,June,63,10243,645309,Asus,2023-06-01
P004,Laptop,2011,April,25,11614,290350,LG,2011-04-01
P004,Smartphone,2011,January,17,21299,362083,LG,2011-01-01
P004,Smartwatch,2010,March,113,13707,1548891,Samsung,2010-03-01
P004,Tablet,2022,February,68,18913,1286084,Lenovo,2022-02-01
P004,Tablet,2013,March,322,26607,8567454,Sony,2013-03-01
P004,Laptop,2019,March,49,29968,1468432,HP,2019-03-01
P005,TV,2018,May,246,5630,1384980,Apple,2018-05-01
P005,Camera,2023,March,452,16908,7642416,Apple,2023-03-01
P005,Camera,2020,March,395,15847,6259565,HP,2020-03-01
P005,Tablet,2016,April,103,14171,1459613,Dell,2016-04-01
P005,Monitor,2024,February,231,17721,4093551,Sony,2024-02-01
P005,Monitor,2021,April,213,28067,5978271,Asus,2021-04-01
P005,Laptop,2019,April,147,21661,3184167,Acer,2019-04-01
P005,Camera,2016,January,309,21616,6679344,Dell,2016-01-01
P005,Tablet,2022,April,404,14744,5956576,Acer,2022-04-01
P005,TV,2024,May,216,10690,2309040,Acer,2024-05-01
P005,Camera,2016,May,345,18401,6348345,Dell,2016-05-01
P005,Tablet,2024,January,90,12659,1139310,Samsung,2024-01-01
P001,Tablet,2017,June,227,15601,3541427,LG,2017-06-01
P001,Smartphone,2010,February,11,16704,183744,Acer,2010-02-01
P001,TV,2019,February,187,5025,939675,Dell,2019-02-01
P001,Smartphone,2022,April,405,20384,8255520,Dell,2022-04-01
P001,Laptop,2019,April,380,18705,7107900,Panasonic,2019-04-01
P001,Smartphone,2017,June,355,28852,10242460,Samsung,2017-06-01
P001,Smartwatch,2013,April,288,27794,8004672,Lenovo,2013-04-01
P001,Smartphone,2013,February,155,13652,2116060,Panasonic,2013-02-01
P001,Smartwatch,2013,March,327,25148,8223396,Panasonic,2013-03-01
P001,Camera,2015,May,233,27983,6520039,HP,2015-05-01
P001,Monitor,2016,March,378,18379,6947262,LG,2016-03-01
P001,Tablet,2015,March,393,26486,10408998,Dell,2015-03-01
P002,Smartwatch,2010,February,71,12006,852426,LG,2010-02-01
P002,TV,2021,March,303,24867,7534701,Sony,2021-03-01
P002,Smartphone,2017,June,248,23378,5797744,HP,2017-06-01
P002,Smartwatch,2022,January,204,13682,2791128,Lenovo,2022-01-01
P002,TV,2019,April,175,6072,1062600,LG,2019-04-01
P002,Monitor,2024,January,460,28091,12921860,Apple,2024-01-01
P002,Monitor,2020,May,231,5215,1204665,Acer,2020-05-01
P002,Smartphone,2022,April,70,28989,2029230,Sony,2022-04-01
P002,Laptop,2016,March,138,14915,2058270,Samsung,2016-03-01
P002,Smartphone,2015,May,487,14784,7199808,Lenovo,2015-05-01
P002,Camera,2015,April,182,23990,4366180,Sony,2015-04-01
P002,Smartwatch,2014,June,489,29734,14539926,Acer,2014-06-01
P003,Tablet,2015,June,165,19824,3270960,HP,2015-06-01
P003,Laptop,2021,June,414,26165,10832310,Acer,2021-06-01
P003,Smartphone,2018,June,387,8313,3217131,Panasonic,2018-06-01
P003,TV,2019,March,119,16033,1907927,Acer,2019-03-01
P003,Laptop,2018,January,278,14968,4161104,Panasonic,2018-01-01
P003,Smartwatch,2024,April,420,21241,8921220,HP,2024-04-01
P003,Laptop,2019,March,365,29147,10638655,Asus,2019-03-01
P003,Smartwatch,2017,June,400,10939,4375600,Panasonic,2017-06-01
P003,Smartphone,2019,January,287,19696,5652752,Samsung,2019-01-01
P003,Smartwatch,2018,May,83,19794,1642902,Acer,2018-05-01
P003,Laptop,2022,May,496,7295,3618320,Acer,2022-05-01
P003,TV,2019,May,446,27069,12072774,Samsung,2019-05-01
P004,Monitor,2017,June,472,6696,3160512,Apple,2017-06-01
P004,Laptop,2017,May,216,16185,3495960,Dell,2017-05-01
P004,Smartwatch,2025,February,397,23330,9262010,Asus,2025-02-01
P004,Monitor,2010,April,489,17001,8313489,Lenovo,2010-04-01
P004,Smartwatch,2019,April,288,19350,5572800,Panasonic,2019-04-01
P004,TV,2020,June,384,24167,9280128,Samsung,2020-06-01
P004,Smartwatch,2014,February,335,8644,2895740,HP,2014-02-01
P004,Smartphone,2013,March,481,26625,12806625,Panasonic,2013-03-01
P004,Tablet,2011,March,349,11420,3985580,Dell,2011-03-01
P004,Laptop,2017,May,366,28941,10592406,HP,2017-05-01
P004,Tablet,2012,January,349,16837,5876113,Sony,2012-01-01
P004,Smartwatch,2013,March,213,24029,5118177,Acer,2013-03-01
P005,TV,2021,January,170,27973,4755410,Sony,2021-01-01
P005,Laptop,2016,April,37,11353,420061,Panasonic,2016-04-01
P005,Smartwatch,2019,January,401,15541,6231941,Dell,2019-01-01
P005,Monitor,2018,April,266,6932,1843912,Asus,2018-04-01
P005,Camera,2011,February,174,16486,2868564,Panasonic,2011-02-01
P005,Smartwatch,2012,February,72,6757,486504,Samsung,2012-02-01
P005,Tablet,2013,June,31,10085,312635,LG,2013-06-01
P005,Laptop,2019,June,79,10637,840323,Panasonic,2019-06-01
P005,Tablet,2010,May,390,6116,2385240,Acer,2010-05-01
P005,Laptop,2016,March,414,15759,6524226,Acer,2016-03-01
P005,Smartwatch,2011,May,105,16691,1752555,Panasonic,2011-05-01
P005,Smartphone,2014,April,172,5492,944624,HP,2014-04-01
P001,Monitor,2024,May,88,13811,1215368,LG,2024-05-01
P001,Smartwatch,2010,January,14,29272,409808,Samsung,2010-01-01
P001,Tablet,2012,April,325,11474,3729050,Panasonic,2012-04-01
P001,Camera,2021,June,129,19385,2500665,HP,2021-06-01
P001,Camera,2011,February,311,14738,4583518,Acer,2011-02-01
P001,TV,2010,June,187,26342,4925954,Acer,2010-06-01
P001,Laptop,2016,March,185,18979,3511115,Dell,2016-03-01
P001,Tablet,2014,April,399,16755,6685245,Panasonic,2014-04-01
P001,TV,2010,April,226,14797,3344122,LG,2010-04-01
P001,Tablet,2015,January,65,19607,1274455,Apple,2015-01-01
P001,Laptop,2025,March,375,17867,6700125,LG,2025-03-01
P001,Smartwatch,2014,February,196,24127,4728892,Acer,2014-02-01
P002,Smartwatch,2024,April,241,12866,3100706,Acer,2024-04-01
P002,Camera,2012,April,264,20449,5398536,Sony,2012-04-01
P002,Smartwatch,2021,January,422,15685,6619070,Acer,2021-01-01
P002,Smartwatch,2016,May,464,28544,13244416,Samsung,2016-05-01
P002,Smartphone,2025,February,113,10451,1180963,Lenovo,2025-02-01
P002,Camera,2020,June,86,26642,2291212,Panasonic,2020-06-01
P002,TV,2019,March,239,13548,3237972,LG,2019-03-01
P002,Monitor,2018,April,411,12186,5008446,Lenovo,2018-04-01
P002,Smartphone,2023,April,267,11102,2964234,HP,2023-04-01
P002,TV,2022,June,273,5619,1533987,Apple,2022-06-01
P002,Laptop,2022,February,340,5882,1999880,Samsung,2022-02-01
P002,Smartphone,2018,May,490,8642,4234580,LG,2018-05-01
P003,TV,2023,April,191,6296,1202536,Lenovo,2023-04-01
P003,Laptop,2018,February,390,19122,7457580,Apple,2018-02-01
P003,Camera,2011,June,265,29820,7902300,Sony,2011-06-01
P003,Monitor,2025,January,47,7895,371065,Samsung,2025-01-01
P003,Laptop,2012,May,185,27977,5175745,Samsung,2012-05-01
P003,Smartwatch,2016,March,36,22313,803268,Sony,2016-03-01
P003,Tablet,2014,April,285,10366,2954310,Panasonic,2014-04-01
P003,Laptop,2011,February,149,13711,2042939,Sony,2011-02-01
P003,Laptop,2012,January,308,24596,7575568,Samsung,2012-01-01
P003,Monitor,2019,March,454,23793,10802022,Samsung,2019-03-01
P003,Tablet,2015,February,296,13199,3906904,Lenovo,2015-02-01
P003,Smartwatch,2022,February,100,15717,1571700,Acer,2022-02-01
P004,TV,2016,March,489,8423,4118847,Apple,2016-03-01
P004,TV,2018,January,70,15211,1064770,Sony,2018-01-01
P004,Laptop,2010,June,467,17782,8304194,Apple,2010-06-01
P004,Tablet,2020,January,460,28360,13045600,Sony,2020-01-01
P004,Tablet,2016,May,374,28978,10837772,HP,2016-05-01
P004,Smartwatch,2017,April,356,26542,9448952,Samsung,2017-04-01
P004,Monitor,2021,March,172,17474,3005528,Acer,2021-03-01
P004,Camera,2023,June,360,8667,3120120,Lenovo,2023-06-01
P004,TV,2012,March,152,27357,4158264,Acer,2012-03-01
P004,Monitor,2013,March,409,27620,11296580,Acer,2013-03-01
P004,Smartphone,2019,January,262,13277,3478574,Acer,2019-01-01
P004,TV,2015,April,278,17424,4843872,Apple,2015-04-01
P005,Monitor,2019,May,378,23852,9016056,Sony,2019-05-01
P005,TV,2025,February,300,27601,8280300,Asus,2025-02-01
P005,Camera,2016,February,468,25003,11701404,HP,2016-02-01
P005,Smartphone,2022,March,196,23020,4511920,LG,2022-03-01
P005,Camera,2023,April,414,13155,5446170,Acer,2023-04-01
P005,Smartwatch,2013,June,447,8583,3836601,Panasonic,2013-06-01
P005,Smartphone,2017,January,468,20515,9601020,Apple,2017-01-01
P005,Laptop,2014,April,423,9009,3810807,Lenovo,2014-04-01
P005,Monitor,2010,April,313,24710,7734230,LG,2010-04-01
P005,Smartphone,2013,January,300,15410,4623000,Asus,2013-01-01
P005,Smartwatch,2012,March,95,29532,2805540,Panasonic,2012-03-01
P005,Smartwatch,2018,April,175,23601,4130175,Asus,2018-04-01
P001,Camera,2017,February,424,9967,4226008,LG,2017-02-01
P001,TV,2010,January,471,23753,11187663,Acer,2010-01-01
P001,Smartphone,2020,June,417,25022,10434174,Panasonic,2020-06-01
P001,Monitor,2015,May,123,15695,1930485,Asus,2015-05-01
P001,Smartphone,2018,March,442,14135,6247670,Lenovo,2018-03-01
P001,Tablet,2016,January,489,10722,5243058,Sony,2016-01-01
P001,TV,2013,May,365,20514,7487610,Samsung,2013-05-01
P001,Monitor,2022,May,425,16128,6854400,Sony,2022-05-01
P001,Monitor,2010,June,192,9444,1813248,LG,2010-06-01
P001,Laptop,2021,April,216,12618,2725488,Apple,2021-04-01
P001,Camera,2011,June,265,25331,6712715,Samsung,2011-06-01
P001,Laptop,2021,April,244,23060,5626640,HP,2021-04-01
P002,Monitor,2014,April,451,6196,2794396,Lenovo,2014-04-01
P002,TV,2021,January,364,17297,6296108,HP,2021-01-01
P002,Smartphone,2020,January,12,7787,93444,Panasonic,2020-01-01
P002,Smartphone,2025,March,217,28816,6253072,Samsung,2025-03-01
P002,TV,2014,April,206,12927,2662962,HP,2014-04-01
P002,Monitor,2017,May,350,24702,8645700,HP,2017-05-01
P002,Smartwatch,2015,February,134,28073,3761782,Asus,2015-02-01
P002,Smartphone,2017,March,147,7176,1054872,Sony,2017-03-01
P002,Smartwatch,2011,January,348,25127,8744196,Asus,2011-01-01
P002,Smartphone,2012,June,34,13792,468928,Samsung,2012-06-01
P002,Smartphone,2015,March,77,25806,1987062,Samsung,2015-03-01
P002,Camera,2021,March,70,25208,1764560,LG,2021-03-01
P003,Camera,2022,March,38,14171,538498,Asus,2022-03-01
P003,Tablet,2019,March,392,7451,2920792,Dell,2019-03-01
P003,Laptop,2012,February,28,5628,157584,Sony,2012-02-01
P003,TV,2015,June,180,14821,2667780,Samsung,2015-06-01
P003,TV,2015,June,459,12778,5865102,LG,2015-06-01
P003,TV,2011,June,83,8696,721768,Asus,2011-06-01
P003,Tablet,2016,April,70,25058,1754060,Sony,2016-04-01
P003,Camera,2021,May,436,25313,11036468,Asus,2021-05-01
P003,Monitor,2011,June,162,24149,3912138,HP,2011-06-01
P003,Smartwatch,2015,March,285,25753,7339605,LG,2015-03-01
P003,Smartwatch,2010,March,57,17972,1024404,Sony,2010-03-01
P003,Monitor,2012,June,220,13307,2927540,Acer,2012-06-01
P004,Tablet,2011,June,352,9956,3504512,Panasonic,2011-06-01
P004,Monitor,2016,March,417,15195,6336315,Panasonic,2016-03-01
P004,TV,2023,April,148,22076,3267248,Sony,2023-04-01
P004,Laptop,2013,January,119,24546,2920974,Asus,2013-01-01
P004,Smartphone,2017,January,491,6105,2997555,LG,2017-01-01
P004,Smartwatch,2015,June,192,24392,4683264,Panasonic,2015-06-01
P004,Camera,2021,February,37,23545,871165,LG,2021-02-01
P004,Camera,2019,June,206,20417,4205902,Panasonic,2019-06-01
P004,Tablet,2013,June,200,29729,5945800,HP,2013-06-01
P004,Camera,2014,January,324,19188,6216912,Asus,2014-01-01
P004,TV,2022,March,398,25083,9983034,HP,2022-03-01
P004,Smartwatch,2022,June,60,17602,1056120,Panasonic,2022-06-01
P005,Monitor,2024,March,158,25170,3976860,Acer,2024-03-01
P005,TV,2024,March,277,14256,3948912,Acer,2024-03-01
P005,Tablet,2018,February,59,25584,1509456,HP,2018-02-01
P005,TV,2016,March,397,19212,7627164,Acer,2016-03-01
P005,Monitor,2025,January,255,6913,1762815,Panasonic,2025-01-01
P005,Laptop,2019,April,122,26904,3282288,Sony,2019-04-01
P005,Tablet,2023,April,179,15593,2791147,HP,2023-04-01
P005,Laptop,2023,May,477,6772,3230244,Apple,2023-05-01
P005,Smartphone,2018,June,175,24164,4228700,Asus,2018-06-01
P005,Laptop,2016,January,418,17996,7522328,Acer,2016-01-01
P005,Smartphone,2025,March,23,28807,662561,Acer,2025-03-01
P005,Smartphone,2021,April,212,7871,1668652,Samsung,2021-04-01
P001,Laptop,2010,January,297,18234,5415498,Dell,2010-01-01
P001,Tablet,2025,April,404,22044,8905776,HP,2025-04-01
P001,Monitor,2021,March,198,27626,5469948,Lenovo,2021-03-01
P001,TV,2017,April,411,15521,6379131,Acer,2017-04-01
P001,TV,2013,June,164,15642,2565288,Asus,2013-06-01
P001,Monitor,2012,June,64,6132,392448,Apple,2012-06-01
P001,Smartwatch,2025,May,191,5699,1088509,Acer,2025-05-01
P001,Smartwatch,2023,May,219,19534,4277946,Apple,2023-05-01
P001,Smartphone,2022,April,385,28854,11108790,Panasonic,2022-04-01
P001,Smartphone,2016,January,480,15230,7310400,Panasonic,2016-01-01
P001,Tablet,2021,June,84,11297,948948,Dell,2021-06-01
P001,Camera,2012,January,286,17839,5101954,Sony,2012-01-01
P002,Laptop,2017,January,437,12812,5598844,Lenovo,2017-01-01
P002,Smartphone,2015,April,142,9557,1357094,Samsung,2015-04-01
P002,TV,2014,January,352,7179,2527008,Dell,2014-01-01
P002,Tablet,2013,June,434,16030,6957020,LG,2013-06-01
P002,Laptop,2017,March,68,14065,956420,Samsung,2017-03-01
P002,Tablet,2017,May,354,13275,4699350,HP,2017-05-01
P002,Laptop,2021,March,498,22806,11357388,Asus,2021-03-01
P002,Laptop,2010,January,191,20089,3836999,LG,2010-01-01
P002,Monitor,2018,March,467,8180,3820060,LG,2018-03-01
P002,Smartphone,2023,June,415,25700,10665500,Dell,2023-06-01
P002,Tablet,2014,June,348,11696,4070208,Sony,2014-06-01
P002,Tablet,2013,January,330,14583,4812390,Dell,2013-01-01
P003,Monitor,2015,April,73,21998,1605854,HP,2015-04-01
P003,TV,2015,March,336,18869,6339984,Acer,2015-03-01
P003,TV,2011,April,269,16757,4507633,Acer,2011-04-01
P003,Smartwatch,2017,April,202,25954,5242708,Sony,2017-04-01
P003,Smartphone,2016,February,152,21654,3291408,HP,2016-02-01
P003,Smartphone,2025,January,113,17258,1950154,Sony,2025-01-01
P003,Camera,2010,May,469,7468,3502492,Apple,2010-05-01
P003,Monitor,2014,June,415,19208,7971320,Acer,2014-06-01
P003,TV,2025,June,223,20042,4469366,LG,2025-06-01
P003,Laptop,2021,January,251,20639,5180389,Lenovo,2021-01-01
P003,Tablet,2015,May,440,16546,7280240,Asus,2015-05-01
P003,Smartphone,2013,June,218,17327,3777286,HP,2013-06-01
P004,Tablet,2011,January,102,19270,1965540,Samsung,2011-01-01
P004,Tablet,2022,June,439,20523,9009597,Sony,2022-06-01
P004,Camera,2023,April,151,19300,2914300,Asus,2023-04-01
P004,TV,2013,March,443,24991,11071013,Samsung,2013-03-01
P004,Smartphone,2010,March,413,15775,6515075,Asus,2010-03-01
P004,Tablet,2016,June,443,17265,7648395,Lenovo,2016-06-01
P004,Smartphone,2011,February,121,24459,2959539,Samsung,2011-02-01
P004,Laptop,2022,May,426,21673,9232698,Dell,2022-05-01
P004,Camera,2011,May,384,29504,11329536,Panasonic,2011-05-01
P004,Laptop,2018,May,68,11614,789752,Dell,2018-05-01
P004,Smartphone,2014,April,52,8252,429104,Acer,2014-04-01
P004,Smartwatch,2011,May,216,12415,2681640,Panasonic,2011-05-01
P005,Smartphone,2020,March,277,28155,7798935,Dell,2020-03-01
P005,TV,2018,April,305,21662,6606910,Panasonic,2018-04-01
P005,Tablet,2018,January,127,16116,2046732,Panasonic,2018-01-01
P005,Tablet,2010,May,29,21964,636956,LG,2010-05-01
P005,Laptop,2020,May,231,9958,2300298,Sony,2020-05-01
P005,Camera,2012,January,175,29829,5220075,Sony,2012-01-01
P005,Smartwatch,2013,May,140,9276,1298640,LG,2013-05-01
P005,Monitor,2023,January,165,29381,4847865,Asus,2023-01-01
P005,Tablet,2016,April,193,9776,1886768,Apple,2016-04-01
P005,TV,2019,March,99,22208,2198592,Asus,2019-03-01
P005,Laptop,2013,January,103,8832,909696,Samsung,2013-01-01
P005,Laptop,2011,February,22,19901,437822,Samsung,2011-02-01
P001,Monitor,2016,January,470,10445,4909150,Panasonic,2016-01-01
P001,TV,2015,May,331,6380,2111780,Dell,2015-05-01
P001,Camera,2012,April,302,14865,4489230,Dell,2012-04-01
P001,TV,2015,June,442,27918,12339756,Sony,2015-06-01
P001,Camera,2020,April,239,18926,4523314,HP,2020-04-01
P001,TV,2024,June,331,24540,8122740,Asus,2024-06-01
P001,TV,2015,January,301,16580,4990580,Acer,2015-01-01
P001,Smartphone,2021,March,447,25691,11483877,Lenovo,2021-03-01
P001,Laptop,2014,February,35,10634,372190,Dell,2014-02-01
P001,TV,2013,April,84,29959,2516556,Lenovo,2013-04-01
P001,Monitor,2019,May,465,10810,5026650,Panasonic,2019-05-01
P001,TV,2021,June,373,29917,11159041,Lenovo,2021-06-01
P002,Tablet,2024,May,433,27318,11828694,Acer,2024-05-01
P002,Laptop,2010,March,308,15179,4675132,LG,2010-03-01
P002,Tablet,2019,June,159,17251,2742909,Acer,2019-06-01
P002,Laptop,2015,April,157,18131,2846567,Lenovo,2015-04-01
P002,Tablet,2011,January,17,24493,416381,Acer,2011-01-01
P002,TV,2022,May,38,25466,967708,Apple,2022-05-01
P002,TV,2012,March,305,17707,5400635,Panasonic,2012-03-01
P002,Smartphone,2023,April,483,24624,11893392,Asus,2023-04-01
P002,Monitor,2017,April,423,27412,11595276,LG,2017-04-01
P002,Tablet,2019,April,218,23233,5064794,Dell,2019-04-01
P002,Camera,2023,April,137,29881,4093697,Samsung,2023-04-01
P002,Smartphone,2023,June,349,7749,2704401,Asus,2023-06-01
P003,Tablet,2015,April,125,18156,2269500,Samsung,2015-04-01
P003,Tablet,2012,May,448,28064,12572672,Panasonic,2012-05-01
P003,Smartphone,2025,March,153,21589,3303117,LG,2025-03-01
P003,TV,2016,June,439,28736,12615104,Sony,2016-06-01
P003,Tablet,2013,April,327,25975,8493825,Dell,2013-04-01
P003,TV,2023,February,244,8450,2061800,Apple,2023-02-01
P003,Smartphone,2018,February,16,12214,195424,Sony,2018-02-01
P003,TV,2024,March,473,25195,11917235,Panasonic,2024-03-01
P003,Laptop,2014,January,54,16814,907956,Asus,2014-01-01
P003,Camera,2012,January,452,10141,4583732,Apple,2012-01-01
P003,Smartwatch,2011,June,248,29885,7411480,Acer,2011-06-01
P003,Tablet,2020,June,449,7708,3460892,Lenovo,2020-06-01
P004,Monitor,2011,June,441,23375,10308375,Apple,2011-06-01
P004,Camera,2012,January,164,20088,3294432,Panasonic,2012-01-01
P004,Smartwatch,2011,February,190,29847,5670930,HP,2011-02-01
P004,TV,2023,January,224,16834,3770816,Lenovo,2023-01-01
P004,Tablet,2013,May,97,17278,1675966,Samsung,2013-05-01
P004,TV,2011,April,265,15014,3978710,Dell,2011-04-01
P004,Laptop,2025,June,82,8273,678386,Samsung,2025-06-01
P004,Smartphone,2019,February,428,19367,8289076,Apple,2019-02-01
P004,Tablet,2018,March,188,9538,1793144,Samsung,2018-03-01
P004,Smartwatch,2011,March,221,17541,3876561,Panasonic,2011-03-01
P004,Smartwatch,2018,April,302,13712,4141024,Acer,2018-04-01
P004,Laptop,2022,February,243,14168,3442824,Asus,2022-02-01
P005,Laptop,2015,January,474,25106,11900244,Dell,2015-01-01
P005,Tablet,2010,January,248,8551,2120648,Samsung,2010-01-01
P005,TV,2013,May,232,17297,4012904,Samsung,2013-05-01
P005,Monitor,2024,May,128,15965,2043520,Apple,2024-05-01
P005,Smartwatch,2023,January,322,7832,2521904,Asus,2023-01-01
P005,Smartwatch,2010,March,273,27063,7388199,Sony,2010-03-01
P005,Laptop,2023,June,216,27963,6040008,Samsung,2023-06-01
P005,Camera,2025,March,104,18422,1915888,Panasonic,2025-03-01
P005,Laptop,2015,May,382,5152,1968064,HP,2015-05-01
P005,Monitor,2023,April,231,27138,6268878,Dell,2023-04-01
P005,TV,2022,January,375,16156,6058500,Samsung,2022-01-01
P005,TV,2013,May,285,16108,4590780,Panasonic,2013-05-01
P001,Camera,2012,May,389,7800,3034200,Panasonic,2012-05-01
P001,Smartwatch,2012,June,240,10310,2474400,Dell,2012-06-01
P001,Laptop,2018,January,318,14944,4752192,Sony,2018-01-01
P001,TV,2015,June,128,7610,974080,Panasonic,2015-06-01
P001,Monitor,2018,January,277,17067,4727559,HP,2018-01-01
P001,Tablet,2022,June,442,6104,2697968,Panasonic,2022-06-01
P001,Smartphone,2014,March,282,15728,4435296,Panasonic,2014-03-01
P001,Smartphone,2011,April,73,28745,2098385,Panasonic,2011-04-01
P001,Smartphone,2017,April,307,25583,7853981,Acer,2017-04-01
P001,Smartwatch,2014,January,359,25238,9060442,Acer,2014-01-01
P001,Laptop,2011,February,422,12263,5174986,Sony,2011-02-01
P001,Camera,2013,May,412,6914,2848568,Samsung,2013-05-01
P002,TV,2018,May,20,28749,574980,Panasonic,2018-05-01
P002,Tablet,2024,January,107,24456,2616792,Asus,2024-01-01
P002,Monitor,2013,June,443,5406,2394858,Samsung,2013-06-01
P002,Tablet,2022,February,80,18689,1495120,Sony,2022-02-01
P002,Monitor,2021,March,373,5166,1926918,LG,2021-03-01
P002,Smartwatch,2021,June,67,5508,369036,Samsung,2021-06-01
P002,Laptop,2025,June,299,23045,6890455,Samsung,2025-06-01
P002,Smartphone,2025,January,260,8664,2252640,Lenovo,2025-01-01
P002,Laptop,2025,January,285,24873,7088805,Apple,2025-01-01
P002,Smartwatch,2021,May,59,18050,1064950,Lenovo,2021-05-01
P002,Camera,2022,January,367,5680,2084560,HP,2022-01-01
P002,Camera,2024,January,225,23908,5379300,Acer,2024-01-01
P003,Smartwatch,2023,January,403,23504,9472112,Acer,2023-01-01
P003,Monitor,2013,May,425,26644,11323700,Apple,2013-05-01
P003,TV,2011,March,61,9357,570777,Dell,2011-03-01
P003,TV,2022,March,280,6363,1781640,Dell,2022-03-01
P003,Monitor,2021,January,494,14523,7174362,Sony,2021-01-01
P003,Camera,2024,May,93,7292,678156,Apple,2024-05-01
P003,Camera,2015,March,396,6538,2589048,Samsung,2015-03-01
P003,Camera,2025,June,302,8408,2539216,Dell,2025-06-01
P003,Laptop,2022,March,135,29126,3932010,Panasonic,2022-03-01
P003,Camera,2020,March,305,13752,4194360,Asus,2020-03-01
P003,Tablet,2023,May,81,23287,1886247,Samsung,2023-05-01
P003,Smartphone,2011,June,305,5174,1578070,HP,2011-06-01
P004,Camera,2021,May,245,7230,1771350,Panasonic,2021-05-01
P004,Monitor,2016,January,65,9287,603655,Panasonic,2016-01-01
P004,Smartphone,2012,April,416,25544,10626304,Apple,2012-04-01
P004,Laptop,2024,March,369,17112,6314328,Sony,2024-03-01
P004,Monitor,2012,April,404,12106,4890824,HP,2012-04-01
P004,Smartphone,2014,May,119,14689,1747991,Dell,2014-05-01
P004,Monitor,2012,May,201,17046,3426246,Apple,2012-05-01
P004,Laptop,2011,May,401,24555,9846555,Dell,2011-05-01
P004,Tablet,2019,April,102,22951,2341002,Apple,2019-04-01
P004,Laptop,2018,May,359,6151,2208209,Apple,2018-05-01
P004,Laptop,2011,January,65,12619,820235,Apple,2011-01-01
P004,Monitor,2023,May,69,11033,761277,Sony,2023-05-01
P005,Smartwatch,2020,February,147,13560,1993320,Apple,2020-02-01
P005,TV,2011,April,48,9946,477408,LG,2011-04-01
P005,Camera,2022,February,37,29618,1095866,Asus,2022-02-01
P005,Camera,2024,May,58,6907,400606,Dell,2024-05-01
P005,Tablet,2017,January,429,8490,3642210,Samsung,2017-01-01
P005,Tablet,2024,March,134,23919,3205146,Lenovo,2024-03-01
P005,Camera,2018,June,22,9173,201806,HP,2018-06-01
P005,TV,2016,June,489,16065,7855785,Acer,2016-06-01
P005,Camera,2012,May,45,22677,1020465,Sony,2012-05-01
P005,Smartwatch,2018,January,110,9769,1074590,Samsung,2018-01-01
P005,TV,2012,April,291,9796,2850636,Panasonic,2012-04-01
P005,Tablet,2014,February,95,18046,1714370,LG,2014-02-01
P001,Smartphone,2018,February,13,19211,249743,Acer,2018-02-01
P001,Monitor,2021,February,232,28255,6555160,Lenovo,2021-02-01
P001,Smartwatch,2023,April,347,24356,8451532,Samsung,2023-04-01
P001,Smartwatch,2023,June,457,25306,11564842,Acer,2023-06-01
P001,Tablet,2012,January,175,9997,1749475,Samsung,2012-01-01
P001,Tablet,2016,April,392,28416,11139072,LG,2016-04-01
P001,Laptop,2025,February,353,22376,7898728,Lenovo,2025-02-01
P001,Smartwatch,2025,May,392,13112,5139904,Panasonic,2025-05-01
P001,Laptop,2021,March,385,10287,3960495,Apple,2021-03-01
P001,Laptop,2010,April,480,15578,7477440,Dell,2010-04-01
P001,Monitor,2013,April,287,23624,6780088,Panasonic,2013-04-01
P001,Laptop,2013,January,139,22860,3177540,Apple,2013-01-01
P002,TV,2016,January,40,11426,457040,Sony,2016-01-01
P002,Camera,2017,April,384,16599,6374016,Asus,2017-04-01
P002,Smartphone,2010,February,20,5389,107780,HP,2010-02-01
P002,Tablet,2014,March,485,5999,2909515,HP,2014-03-01
P002,TV,2016,January,311,17812,5539532,Dell,2016-01-01
P002,Smartphone,2021,February,105,20599,2162895,Lenovo,2021-02-01
P002,Smartwatch,2013,May,199,6855,1364145,LG,2013-05-01
P002,Smartwatch,2022,January,462,13125,6063750,Lenovo,2022-01-01
P002,Smartwatch,2013,February,201,18794,3777594,LG,2013-02-01
P002,TV,2013,February,495,7763,3842685,Lenovo,2013-02-01
P002,TV,2021,March,275,25047,6887925,Asus,2021-03-01
P002,Tablet,2015,March,433,9986,4323938,Sony,2015-03-01
P003,Camera,2016,May,137,6481,887897,Sony,2016-05-01
P003,Laptop,2011,February,247,28640,7074080,Apple,2011-02-01
P003,Smartwatch,2024,June,417,8731,3640827,Acer,2024-06-01
P003,Monitor,2014,February,364,28646,10427144,Sony,2014-02-01
P003,Camera,2013,March,437,21835,9541895,Sony,2013-03-01
P003,Monitor,2024,June,121,24477,2961717,Panasonic,2024-06-01
P003,Tablet,2023,January,325,22266,7236450,Panasonic,2023-01-01
P003,Tablet,2025,January,455,25792,11735360,Apple,2025-01-01
P003,Tablet,2022,April,352,25452,8959104,Acer,2022-04-01
P003,Smartphone,2012,March,154,15758,2426732,Dell,2012-03-01
P003,Monitor,2016,April,74,24661,1824914,Panasonic,2016-04-01
P003,Camera,2020,June,256,21311,5455616,Dell,2020-06-01
P004,Camera,2021,March,232,13566,3147312,Samsung,2021-03-01
P004,TV,2015,May,488,16889,8241832,Panasonic,2015-05-01
P004,TV,2023,February,499,29335,14638165,Asus,2023-02-01
P004,Smartwatch,2016,May,322,16254,5233788,Acer,2016-05-01
P004,TV,2014,June,448,26074,11681152,Apple,2014-06-01
P004,Tablet,2022,March,115,16442,1890830,Samsung,2022-03-01
P004,Camera,2015,June,190,18521,3518990,Acer,2015-06-01
P004,Monitor,2014,February,193,25979,5013947,Asus,2014-02-01
P004,Tablet,2023,January,235,9559,2246365,Acer,2023-01-01
P004,Smartphone,2016,January,274,21199,5808526,Asus,2016-01-01
P004,TV,2011,June,287,12291,3527517,Asus,2011-06-01
P004,Tablet,2023,April,406,13160,5342960,Dell,2023-04-01
P005,Tablet,2020,March,98,5112,500976,Lenovo,2020-03-01
P005,Smartphone,2014,March,185,26515,4905275,Samsung,2014-03-01
P005,Laptop,2015,January,27,24581,663687,Acer,2015-01-01
P005,Camera,2015,May,380,20924,7951120,LG,2015-05-01
P005,Monitor,2024,February,469,21523,10094287,Samsung,2024-02-01
P005,Smartwatch,2014,May,433,6424,2781592,Lenovo,2014-05-01
P005,Laptop,2019,May,410,24333,9976530,Samsung,2019-05-01
P005,TV,2016,June,408,24552,10017216,Sony,2016-06-01
P005,Tablet,2019,January,115,15808,1817920,LG,2019-01-01
P005,Smartphone,2017,January,280,11043,3092040,Lenovo,2017-01-01
P005,Smartphone,2016,January,472,11989,5658808,Dell,2016-01-01
P005,Camera,2014,June,328,28620,9387360,Acer,2014-06-01
P001,Laptop,2010,April,176,11261,1981936,HP,2010-04-01
P001,Smartwatch,2022,May,22,5887,129514,Lenovo,2022-05-01
P001,Camera,2014,June,346,24488,8472848,Apple,2014-06-01
P001,Tablet,2019,March,41,21433,878753,Acer,2019-03-01
P001,Camera,2011,February,402,25335,10184670,Lenovo,2011-02-01
P001,Monitor,2022,April,49,24944,1222256,Sony,2022-04-01
P001,Smartphone,2014,March,157,21402,3360114,HP,2014-03-01
P001,Smartphone,2014,May,227,26205,5948535,Sony,2014-05-01
P001,TV,2011,January,228,27724,6321072,HP,2011-01-01
P001,TV,2014,May,478,29442,14073276,Apple,2014-05-01
P001,Smartwatch,2022,June,91,17253,1570023,Acer,2022-06-01
P001,Tablet,2025,February,342,23990,8204580,Dell,2025-02-01
P002,Monitor,2013,June,217,12846,2787582,Sony,2013-06-01
P002,Laptop,2010,April,210,11432,2400720,Sony,2010-04-01
P002,Camera,2012,April,456,18452,8414112,Asus,2012-04-01
P002,Smartwatch,2010,February,341,18395,6272695,HP,2010-02-01
P002,Tablet,2021,March,437,8765,3830305,Panasonic,2021-03-01
P002,TV,2020,March,47,23822,1119634,Acer,2020-03-01
P002,Camera,2024,April,220,20950,4609000,HP,2024-04-01
P002,TV,2014,April,453,17502,7928406,Asus,2014-04-01
P002,Camera,2013,January,336,14741,4952976,Samsung,2013-01-01
P002,Laptop,2025,March,258,27742,7157436,HP,2025-03-01
P002,Tablet,2016,February,236,29703,7009908,Dell,2016-02-01
P002,Camera,2014,March,57,10941,623637,Acer,2014-03-01
P003,Monitor,2019,January,27,29028,783756,Asus,2019-01-01
P003,Smartwatch,2023,June,409,9855,4030695,Samsung,2023-06-01
P003,Smartphone,2013,April,448,27931,12513088,LG,2013-04-01
P003,Monitor,2011,April,304,28580,8688320,Asus,2011-04-01
P003,Monitor,2013,January,205,27295,5595475,LG,2013-01-01
P003,Smartwatch,2025,February,196,27865,5461540,Acer,2025-02-01
P003,Smartphone,2021,April,354,20166,7138764,Sony,2021-04-01
P003,Monitor,2011,May,233,24145,5625785,Asus,2011-05-01
P003,Camera,2017,April,327,25840,8449680,Apple,2017-04-01
P003,Camera,2012,May,497,27745,13789265,LG,2012-05-01
P003,Camera,2018,January,406,27077,10993262,Dell,2018-01-01
P003,Smartphone,2022,January,374,10788,4034712,Apple,2022-01-01
P004,Monitor,2013,April,346,5201,1799546,Lenovo,2013-04-01
P004,Smartphone,2022,March,238,27544,6555472,Lenovo,2022-03-01
P004,Camera,2015,May,399,15561,6208839,Samsung,2015-05-01
P004,Smartwatch,2019,February,476,21901,10424876,Sony,2019-02-01
P004,Monitor,2014,April,86,12737,1095382,Acer,2014-04-01
P004,Monitor,2019,February,197,6988,1376636,Asus,2019-02-01
P004,TV,2022,April,355,20441,7256555,Panasonic,2022-04-01
P004,TV,2010,March,279,16737,4669623,Dell,2010-03-01
P004,Laptop,2018,March,104,19256,2002624,LG,2018-03-01
P004,Tablet,2025,March,319,25186,8034334,Acer,2025-03-01
P004,TV,2010,June,141,27192,3834072,Apple,2010-06-01
P004,Smartphone,2017,March,48,12162,583776,Lenovo,2017-03-01
P005,TV,2018,January,81,18065,1463265,Dell,2018-01-01
P005,Laptop,2018,January,290,27625,8011250,Panasonic,2018-01-01
P005,Monitor,2010,June,342,19114,6536988,Asus,2010-06-01
P005,Laptop,2011,May,169,13399,2264431,Samsung,2011-05-01
P005,Monitor,2021,February,196,10633,2084068,Panasonic,2021-02-01
P005,Smartwatch,2025,April,495,10755,5323725,Dell,2025-04-01
P005,Smartwatch,2022,April,200,15825,3165000,Panasonic,2022-04-01
P005,Monitor,2010,June,431,27693,11935683,Dell,2010-06-01
P005,Tablet,2019,January,129,9117,1176093,Dell,2019-01-01
P005,TV,2011,April,229,29729,6807941,HP,2011-04-01
P005,Smartphone,2019,January,62,6518,404116,LG,2019-01-01
P005,Smartphone,2025,May,231,27547,6363357,Lenovo,2025-05-01
P001,Camera,2021,February,460,21346,9819160,HP,2021-02-01
P001,Monitor,2017,May,421,7600,3199600,Asus,2017-05-01
P001,Smartphone,2014,June,140,18237,2553180,HP,2014-06-01
P001,Tablet,2021,March,246,23579,5800434,Sony,2021-03-01
P001,Monitor,2020,March,255,8554,2181270,Sony,2020-03-01
P001,Tablet,2016,March,235,21193,4980355,Lenovo,2016-03-01
P001,Smartphone,2011,May,217,24233,5258561,Panasonic,2011-05-01
P001,Smartphone,2017,April,415,20253,8404995,LG,2017-04-01
P001,Camera,2020,February,105,21194,2225370,Lenovo,2020-02-01
P001,Smartphone,2015,March,431,6742,2905802,Dell,2015-03-01
P001,Monitor,2017,June,209,6306,1317954,Apple,2017-06-01
P001,Smartwatch,2010,June,256,8849,2265344,LG,2010-06-01
P002,Monitor,2024,March,81,17360,1406160,LG,2024-03-01
P002,Monitor,2010,March,327,17768,5810136,Dell,2010-03-01
P002,Camera,2021,February,194,28903,5607182,Dell,2021-02-01
P002,Camera,2016,March,15,18032,270480,Samsung,2016-03-01
P002,Smartphone,2017,February,215,9195,1976925,Lenovo,2017-02-01
P002,Laptop,2022,June,41,26562,1089042,Dell,2022-06-01
P002,Laptop,2012,March,108,23939,2585412,Sony,2012-03-01
P002,Camera,2014,May,403,23689,9546667,Asus,2014-05-01
P002,Smartphone,2025,May,396,12619,4997124,Apple,2025-05-01
P002,Laptop,2021,June,265,14280,3784200,Lenovo,2021-06-01
P002,Smartphone,2010,February,196,7642,1497832,Acer,2010-02-01
P002,Smartphone,2016,May,85,14369,1221365,Sony,2016-05-01
P003,Smartphone,2014,February,186,19296,3589056,Panasonic,2014-02-01
P003,TV,2017,May,324,27793,9004932,Dell,2017-05-01
P003,Monitor,2022,May,296,20438,6049648,Acer,2022-05-01
P003,Smartphone,2017,February,358,20674,7401292,Dell,2017-02-01
P003,TV,2018,April,264,9757,2575848,LG,2018-04-01
P003,Camera,2016,May,334,7994,2669996,Sony,2016-05-01
P003,Laptop,2020,March,199,20226,4024974,LG,2020-03-01
P003,Monitor,2010,June,317,6271,1987907,Samsung,2010-06-01
P003,Smartwatch,2022,April,354,6813,2411802,LG,2022-04-01
P003,Laptop,2012,February,136,23845,3242920,Samsung,2012-02-01
P003,Monitor,2017,April,434,25504,11068736,Samsung,2017-04-01
P003,Smartwatch,2012,January,296,27508,8142368,Acer,2012-01-01
P004,Laptop,2017,January,263,13475,3543925,Dell,2017-01-01
P004,Monitor,2010,May,222,9396,2085912,Panasonic,2010-05-01
P004,Laptop,2014,May,259,14283,3699297,LG,2014-05-01
P004,Laptop,2013,March,93,18318,1703574,Sony,2013-03-01
P004,Smartwatch,2014,June,496,22200,11011200,Samsung,2014-06-01
P004,Laptop,2017,April,392,28688,11245696,Dell,2017-04-01
P004,Laptop,2019,January,415,28715,11916725,Apple,2019-01-01
P004,Smartwatch,2024,May,397,5082,2017554,Lenovo,2024-05-01
P004,Camera,2023,June,22,6920,152240,Acer,2023-06-01
P004,Smartphone,2013,April,54,12817,692118,Panasonic,2013-04-01
P004,Tablet,2020,May,136,16683,2268888,HP,2020-05-01
P004,TV,2013,May,435,16336,7106160,Acer,2013-05-01
P005,Tablet,2024,January,123,20596,2533308,Apple,2024-01-01
P005,Tablet,2012,January,442,7093,3135106,Lenovo,2012-01-01
P005,Monitor,2016,May,285,17905,5102925,Apple,2016-05-01
P005,Smartphone,2012,February,214,28455,6089370,LG,2012-02-01
P005,Monitor,2021,May,346,29351,10155446,Samsung,2021-05-01
P005,Smartphone,2012,June,447,13367,5975049,Panasonic,2012-06-01
P005,Smartwatch,2020,May,429,10285,4412265,Asus,2020-05-01
P005,Smartwatch,2019,March,490,15896,7789040,Samsung,2019-03-01
P005,Smartphone,2014,March,394,9937,3915178,Asus,2014-03-01
P005,Laptop,2014,March,408,21753,8875224,Lenovo,2014-03-01
P005,Camera,2023,February,470,23202,10904940,Dell,2023-02-01
P005,Laptop,2015,February,282,23485,6622770,HP,2015-02-01
P001,Camera,2025,May,417,17977,7496409,Sony,2025-05-01
P001,Monitor,2017,March,67,24874,1666558,Samsung,2017-03-01
P001,Camera,2025,February,337,23163,7805931,Panasonic,2025-02-01
P001,Monitor,2019,January,228,12674,2889672,Apple,2019-01-01
P001,Smartwatch,2015,May,118,22748,2684264,Panasonic,2015-05-01
P001,Tablet,2024,June,288,28678,8259264,Lenovo,2024-06-01
P001,Smartwatch,2025,April,183,8676,1587708,Asus,2025-04-01
P001,Smartwatch,2025,May,337,7426,2502562,Apple,2025-05-01
P001,Tablet,2021,April,273,29648,8093904,Sony,2021-04-01
P001,Camera,2010,March,324,29473,9549252,Sony,2010-03-01
P001,Camera,2024,April,483,7962,3845646,Samsung,2024-04-01
P001,Monitor,2017,March,120,5859,703080,Lenovo,2017-03-01
P002,Laptop,2025,January,196,17048,3341408,Dell,2025-01-01
P002,Monitor,2017,April,278,9138,2540364,Lenovo,2017-04-01
P002,Laptop,2018,May,432,7424,3207168,Asus,2018-05-01
P002,Smartwatch,2018,March,238,15409,3667342,Panasonic,2018-03-01
P002,Tablet,2011,May,165,9017,1487805,Sony,2011-05-01
P002,Smartwatch,2024,February,482,15451,7447382,Panasonic,2024-02-01
P002,Smartphone,2011,March,198,15278,3025044,Panasonic,2011-03-01
P002,Camera,2012,April,281,29944,8414264,Panasonic,2012-04-01
P002,Laptop,2010,March,384,15996,6142464,Sony,2010-03-01
P002,Monitor,2013,May,11,29726,326986,Acer,2013-05-01
P002,Tablet,2023,January,255,6134,1564170,LG,2023-01-01
P002,Laptop,2013,March,219,26550,5814450,Asus,2013-03-01
P003,Monitor,2023,April,410,10119,4148790,Acer,2023-04-01
P003,Camera,2018,February,295,10694,3154730,Asus,2018-02-01
P003,Smartwatch,2018,June,368,27520,10127360,Apple,2018-06-01
P003,Camera,2018,January,22,26869,591118,Lenovo,2018-01-01
P003,TV,2019,February,105,9164,962220,Lenovo,2019-02-01
P003,Smartphone,2016,March,230,23730,5457900,HP,2016-03-01
P003,TV,2023,May,247,10039,2479633,Lenovo,2023-05-01
P003,Tablet,2024,May,103,26281,2706943,Sony,2024-05-01
P003,Laptop,2011,April,347,19631,6811957,Dell,2011-04-01
P003,Tablet,2019,May,278,15442,4292876,Samsung,2019-05-01
P003,Smartwatch,2014,January,180,13252,2385360,HP,2014-01-01
P003,Monitor,2013,May,478,26425,12631150,Samsung,2013-05-01
P004,Camera,2021,April,103,25285,2604355,Asus,2021-04-01
P004,TV,2020,June,158,22721,3589918,Samsung,2020-06-01
P004,TV,2017,March,121,22568,2730728,Samsung,2017-03-01
P004,Smartwatch,2011,March,64,25810,1651840,HP,2011-03-01
P004,TV,2015,May,346,6551,2266646,Apple,2015-05-01
P004,Smartwatch,2022,February,433,17625,7631625,Panasonic,2022-02-01
P004,Tablet,2014,March,476,6629,3155404,Lenovo,2014-03-01
P004,Camera,2025,June,125,22910,2863750,Lenovo,2025-06-01
P004,Laptop,2024,May,152,6361,966872,Sony,2024-05-01
P004,Monitor,2025,April,210,9370,1967700,HP,2025-04-01
P004,Laptop,2025,June,189,10283,1943487,Sony,2025-06-01
P004,Tablet,2025,May,211,12610,2660710,Dell,2025-05-01
P005,Monitor,2021,June,373,15558,5803134,Dell,2021-06-01
P005,TV,2011,March,488,19924,9722912,Sony,2011-03-01
P005,Smartphone,2020,April,62,19839,1230018,HP,2020-04-01
P005,Tablet,2019,May,480,16949,8135520,Sony,2019-05-01
P005,Tablet,2024,January,393,15626,6141018,Lenovo,2024-01-01
P005,Camera,2010,April,189,6993,1321677,Acer,2010-04-01
P005,Laptop,2017,January,423,5869,2482587,LG,2017-01-01
P005,Tablet,2011,June,426,6014,2561964,Samsung,2011-06-01
P005,Tablet,2016,February,322,15103,4863166,LG,2016-02-01
P005,TV,2018,April,317,21986,6969562,HP,2018-04-01
P005,TV,2018,June,146,17013,2483898,LG,2018-06-01
P005,Monitor,2017,January,191,5690,1086790,Dell,2017-01-01
P001,Smartwatch,2020,March,376,21873,8224248,Asus,2020-03-01
P001,Smartwatch,2023,March,10,28248,282480,Samsung,2023-03-01
P001,Smartphone,2021,February,53,28624,1517072,Panasonic,2021-02-01
P001,Smartwatch,2019,April,236,15748,3716528,HP,2019-04-01
P001,Camera,2018,April,340,29170,9917800,Samsung,2018-04-01
P001,Smartphone,2011,April,107,13024,1393568,LG,2011-04-01
P001,Monitor,2015,June,217,21678,4704126,Dell,2015-06-01
P001,TV,2013,February,274,10488,2873712,Apple,2013-02-01
P001,Smartwatch,2023,April,297,25411,7547067,Acer,2023-04-01
P001,Laptop,2013,June,280,16035,4489800,Panasonic,2013-06-01
P001,TV,2014,March,149,24296,3620104,Acer,2014-03-01
P001,Camera,2021,January,490,26128,12802720,Samsung,2021-01-01
P002,TV,2025,June,246,23257,5721222,Dell,2025-06-01
P002,Camera,2012,March,471,17855,8409705,Dell,2012-03-01
P002,Camera,2023,March,450,24642,11088900,LG,2023-03-01
P002,Camera,2010,January,401,7817,3134617,Lenovo,2010-01-01
P002,Monitor,2017,March,81,25025,2027025,LG,2017-03-01
P002,Camera,2014,February,164,9458,1551112,Lenovo,2014-02-01
P002,Camera,2012,January,199,10307,2051093,Lenovo,2012-01-01
P002,Laptop,2019,March,277,13933,3859441,Panasonic,2019-03-01
P002,Smartphone,2025,May,330,23425,7730250,LG,2025-05-01
P002,Tablet,2023,June,116,22063,2559308,Apple,2023-06-01
P002,Smartphone,2016,March,241,15659,3773819,Sony,2016-03-01
P002,Camera,2016,February,51,10738,547638,Sony,2016-02-01
P003,Laptop,2010,April,199,10668,2122932,LG,2010-04-01
P003,TV,2021,March,380,19427,7382260,LG,2021-03-01
P003,Laptop,2018,April,148,12697,1879156,Acer,2018-04-01
P003,Camera,2024,May,112,29417,3294704,Panasonic,2024-05-01
P003,Laptop,2011,March,180,21446,3860280,LG,2011-03-01
P003,Smartwatch,2014,January,360,12829,4618440,Acer,2014-01-01
P003,Laptop,2022,April,282,15751,4441782,Lenovo,2022-04-01
P003,Camera,2023,May,490,18450,9040500,Dell,2023-05-01
P003,Monitor,2014,January,425,12352,5249600,Dell,2014-01-01
P003,Smartwatch,2023,January,230,18516,4258680,Lenovo,2023-01-01
P003,Laptop,2017,January,222,28299,6282378,HP,2017-01-01
P003,Tablet,2023,January,350,13326,4664100,Acer,2023-01-01
P004,Tablet,2017,March,433,8644,3742852,Acer,2017-03-01
P004,Laptop,2023,June,416,26354,10963264,Lenovo,2023-06-01
P004,Monitor,2016,March,65,13003,845195,Apple,2016-03-01
P004,TV,2016,March,399,8278,3302922,Asus,2016-03-01
